{
  "accuracy": 0.835820895522388,
  "macro_f1": 0.8175697865353039,
  "weighted_f1": 0.8336249785554983,
  "minority_macro_f1": 0.7999999999999999,
  "per_class": {
    "anxiety": {
      "precision": 0.7692307692307693,
      "recall": 0.9090909090909091,
      "f1": 0.8333333333333334,
      "support": 11,
      "predicted_count": 13
    },
    "sadness": {
      "precision": 1.0,
      "recall": 0.6666666666666666,
      "f1": 0.8,
      "support": 9,
      "predicted_count": 6
    },
    "anger": {
      "precision": 1.0,
      "recall": 0.8181818181818182,
      "f1": 0.9,
      "support": 11,
      "predicted_count": 9
    },
    "hope": {
      "precision": 0.5555555555555556,
      "recall": 0.9090909090909091,
      "f1": 0.6896551724137931,
      "support": 11,
      "predicted_count": 18
    },
    "guilt": {
      "precision": 1.0,
      "recall": 1.0,
      "f1": 1.0,
      "support": 11,
      "predicted_count": 11
    },
    "denial": {
      "precision": 1.0,
      "recall": 1.0,
      "f1": 1.0,
      "support": 8,
      "predicted_count": 8
    },
    "acceptance": {
      "precision": 1.0,
      "recall": 0.3333333333333333,
      "f1": 0.5,
      "support": 6,
      "predicted_count": 2
    }
  },
  "confusion_matrix": {
    "labels": [
      "anxiety",
      "sadness",
      "anger",
      "hope",
      "guilt",
      "denial",
      "acceptance"
    ],
    "rows_true_cols_pred": [
      [
        10,
        0,
        0,
        1,
        0,
        0,
        0
      ],
      [
        1,
        6,
        0,
        2,
        0,
        0,
        0
      ],
      [
        1,
        0,
        9,
        1,
        0,
        0,
        0
      ],
      [
        1,
        0,
        0,
        10,
        0,
        0,
        0
      ],
      [
        0,
        0,
        0,
        0,
        11,
        0,
        0
      ],
      [
        0,
        0,
        0,
        0,
        0,
        8,
        0
      ],
      [
        0,
        0,
        0,
        4,
        0,
        0,
        2
      ]
    ]
  },
  "n": 67,
  "baseline": "tfidf_logreg",
  "train_tag": "A",
  "weighted": true
}