{
  "accuracy": 0.8656716417910447,
  "macro_f1": 0.8555235137533275,
  "weighted_f1": 0.8625668242637743,
  "minority_macro_f1": 0.8412698412698413,
  "per_class": {
    "anxiety": {
      "precision": 0.7142857142857143,
      "recall": 0.9090909090909091,
      "f1": 0.8,
      "support": 11,
      "predicted_count": 14
    },
    "sadness": {
      "precision": 1.0,
      "recall": 0.7777777777777778,
      "f1": 0.875,
      "support": 9,
      "predicted_count": 7
    },
    "anger": {
      "precision": 0.9,
      "recall": 0.8181818181818182,
      "f1": 0.8571428571428571,
      "support": 11,
      "predicted_count": 10
    },
    "hope": {
      "precision": 0.7692307692307693,
      "recall": 0.9090909090909091,
      "f1": 0.8333333333333334,
      "support": 11,
      "predicted_count": 13
    },
    "guilt": {
      "precision": 0.9166666666666666,
      "recall": 1.0,
      "f1": 0.9565217391304348,
      "support": 11,
      "predicted_count": 12
    },
    "denial": {
      "precision": 1.0,
      "recall": 1.0,
      "f1": 1.0,
      "support": 8,
      "predicted_count": 8
    },
    "acceptance": {
      "precision": 1.0,
      "recall": 0.5,
      "f1": 0.6666666666666666,
      "support": 6,
      "predicted_count": 3
    }
  },
  "confusion_matrix": {
    "labels": [
      "anxiety",
      "sadness",
      "anger",
      "hope",
      "guilt",
      "denial",
      "acceptance"
    ],
    "rows_true_cols_pred": [
      [
        10,
        0,
        1,
        0,
        0,
        0,
        0
      ],
      [
        1,
        7,
        0,
        1,
        0,
        0,
        0
      ],
      [
        1,
        0,
        9,
        0,
        1,
        0,
        0
      ],
      [
        1,
        0,
        0,
        10,
        0,
        0,
        0
      ],
      [
        0,
        0,
        0,
        0,
        11,
        0,
        0
      ],
      [
        0,
        0,
        0,
        0,
        0,
        8,
        0
      ],
      [
        1,
        0,
        0,
        2,
        0,
        0,
        3
      ]
    ]
  },
  "n": 67,
  "baseline": "tfidf_logreg",
  "train_tag": "B",
  "weighted": true
}