{
  "accuracy": 0.7761194029850746,
  "macro_f1": 0.7322946894375466,
  "weighted_f1": 0.7687451023271917,
  "minority_macro_f1": 0.6357142857142857,
  "per_class": {
    "anxiety": {
      "precision": 1.0,
      "recall": 0.6363636363636364,
      "f1": 0.7777777777777778,
      "support": 11,
      "predicted_count": 7
    },
    "sadness": {
      "precision": 0.47058823529411764,
      "recall": 0.8888888888888888,
      "f1": 0.6153846153846154,
      "support": 9,
      "predicted_count": 17
    },
    "anger": {
      "precision": 0.9,
      "recall": 0.8181818181818182,
      "f1": 0.8571428571428571,
      "support": 11,
      "predicted_count": 10
    },
    "hope": {
      "precision": 0.9090909090909091,
      "recall": 0.9090909090909091,
      "f1": 0.9090909090909091,
      "support": 11,
      "predicted_count": 11
    },
    "guilt": {
      "precision": 0.8461538461538461,
      "recall": 1.0,
      "f1": 0.9166666666666666,
      "support": 11,
      "predicted_count": 13
    },
    "denial": {
      "precision": 0.8571428571428571,
      "recall": 0.75,
      "f1": 0.8,
      "support": 8,
      "predicted_count": 7
    },
    "acceptance": {
      "precision": 0.5,
      "recall": 0.16666666666666666,
      "f1": 0.25,
      "support": 6,
      "predicted_count": 2
    }
  },
  "confusion_matrix": {
    "labels": [
      "anxiety",
      "sadness",
      "anger",
      "hope",
      "guilt",
      "denial",
      "acceptance"
    ],
    "rows_true_cols_pred": [
      [
        7,
        1,
        1,
        0,
        2,
        0,
        0
      ],
      [
        0,
        8,
        0,
        0,
        0,
        1,
        0
      ],
      [
        0,
        2,
        9,
        0,
        0,
        0,
        0
      ],
      [
        0,
        1,
        0,
        10,
        0,
        0,
        0
      ],
      [
        0,
        0,
        0,
        0,
        11,
        0,
        0
      ],
      [
        0,
        1,
        0,
        0,
        0,
        6,
        1
      ],
      [
        0,
        4,
        0,
        1,
        0,
        0,
        1
      ]
    ]
  },
  "n": 67,
  "baseline": "zeroshot_bart_mnli"
}