{
  "macro_f1": 0.7927859891394253,
  "weighted_kappa_linear": 0.765460910151692,
  "mean_abs_ordinal_error": 0.1791044776119403,
  "accuracy": 0.8208955223880597,
  "weighted_f1": 0.8208955223880597,
  "exact_count": 55,
  "adjacent_error_count": 12,
  "severe_error_count": 0,
  "adjacent_error_rate": 0.1791044776119403,
  "severe_error_rate": 0.0,
  "per_level": {
    "low": {
      "precision": 0.6153846153846154,
      "recall": 0.6153846153846154,
      "f1": 0.6153846153846154,
      "support": 13,
      "predicted_count": 13
    },
    "medium": {
      "precision": 0.8064516129032258,
      "recall": 0.8064516129032258,
      "f1": 0.8064516129032258,
      "support": 31,
      "predicted_count": 31
    },
    "high": {
      "precision": 0.9565217391304348,
      "recall": 0.9565217391304348,
      "f1": 0.9565217391304348,
      "support": 23,
      "predicted_count": 23
    }
  },
  "off_diagonal_cells": {
    "medium->low": 5,
    "low->medium": 5,
    "high->medium": 1,
    "medium->high": 1,
    "low->high": 0,
    "high->low": 0
  },
  "confusion_matrix": {
    "labels": [
      "low",
      "medium",
      "high"
    ],
    "rows_true_cols_pred": [
      [
        8,
        5,
        0
      ],
      [
        5,
        25,
        1
      ],
      [
        0,
        1,
        22
      ]
    ]
  },
  "n": 67,
  "baseline": "tfidf_nominal",
  "train_tag": "A"
}