{
  "macro_f1": 0.7516776358239773,
  "weighted_kappa_linear": 0.6991661321359846,
  "mean_abs_ordinal_error": 0.208955223880597,
  "accuracy": 0.7910447761194029,
  "weighted_f1": 0.7850136657016891,
  "exact_count": 53,
  "adjacent_error_count": 14,
  "severe_error_count": 0,
  "adjacent_error_rate": 0.208955223880597,
  "severe_error_rate": 0.0,
  "per_level": {
    "low": {
      "precision": 0.75,
      "recall": 0.46153846153846156,
      "f1": 0.5714285714285714,
      "support": 13,
      "predicted_count": 8
    },
    "medium": {
      "precision": 0.7073170731707317,
      "recall": 0.9354838709677419,
      "f1": 0.8055555555555556,
      "support": 31,
      "predicted_count": 41
    },
    "high": {
      "precision": 1.0,
      "recall": 0.782608695652174,
      "f1": 0.8780487804878049,
      "support": 23,
      "predicted_count": 18
    }
  },
  "off_diagonal_cells": {
    "medium->low": 2,
    "low->medium": 7,
    "high->medium": 5,
    "medium->high": 0,
    "low->high": 0,
    "high->low": 0
  },
  "confusion_matrix": {
    "labels": [
      "low",
      "medium",
      "high"
    ],
    "rows_true_cols_pred": [
      [
        6,
        7,
        0
      ],
      [
        2,
        29,
        0
      ],
      [
        0,
        5,
        18
      ]
    ]
  },
  "n": 67,
  "baseline": "tfidf_ordinal",
  "train_tag": "C",
  "thresholds": {
    "t1_gt_low": 0.4,
    "t2_gt_med": 0.6
  },
  "monotonic_violations_corrected": 5
}