{
  "anxiety": 0.5233236151603499,
  "sadness": 2.229813664596273,
  "anger": 1.4653061224489796,
  "hope": 0.674812030075188,
  "guilt": 0.5574534161490683,
  "denial": 2.442176870748299,
  "acceptance": 3.663265306122449
}