{
  "anxiety": 0.5254237288135594,
  "sadness": 2.0,
  "anger": 1.4090909090909092,
  "hope": 0.7469879518072289,
  "guilt": 0.5344827586206896,
  "denial": 2.6956521739130435,
  "acceptance": 3.263157894736842
}