{
  "anxiety": 0.3769480519480519,
  "sadness": 1.0301685891748003,
  "anger": 2.3035714285714284,
  "hope": 0.9063231850117096,
  "guilt": 0.7678571428571429,
  "denial": 3.857142857142857,
  "acceptance": 3.6055900621118013
}