{
  "low": 1.121447,
  "medium": 0.765432,
  "high": 1.247126
}