{
  "low": 1.662037,
  "medium": 0.687739,
  "high": 1.058997
}