{
  "low": 1.244373,
  "medium": 0.606583,
  "high": 1.825472
}